{"results_found":4038,"results_start":0,"results_shown":5,"restaurants":[{"restaurant":
    {"R":
        {"res_id":18874909},
        "apikey":"f8e764632db822d8f7cac3254c5f8af3",
        "id":"18874909",
        "name":"Asia Kitchen By Mainland China",
        "url":"https:\/\/www.zomato.com\/pune\/asia-kitchen-by-mainland-china-dhole-patil-road?utm_source=api_basic_user&utm_medium=api&utm_campaign=v2.1",
        "location":{"address":"City Point, Ground Floor, Dhole Patil Road, Pune","locality":"Dhole Patil Road","city":"Pune","city_id":5,"latitude":"18.5389197859","longitude":"73.8753902167","zipcode":"","country_id":1,"locality_verbose":"Dhole Patil Road, Pune"},
        "switch_to_order_menu":0,
        "cuisines":"Asian, Chinese",
        "timings":"12noon \u2013 3pm, 7pm \u2013 11pm (Mon-Sun)",
        "average_cost_for_two":1200,
        "price_range":3,
        "currency":"Rs.",
        "highlights":["Lunch","Serves Alcohol","Takeaway Available","Debit Card","Dinner","Cash","Credit Card","Fullbar","Indoor Seating"],
        "offers":[],
        "opentable_support":0,
        "is_zomato_book_res":0,
        "mezzo_provider":"OTHER",
        "is_book_form_web_view":0,
        "book_form_web_view_url":"",
        "book_again_url":"",
        "thumb":"https:\/\/b.zmtcdn.com\/data\/pictures\/chains\/9\/18874909\/4ab4368dee2266dc42b16e859cbf268f.jpg?fit=around%7C200%3A200&crop=200%3A200%3B%2A%2C%2A",
        "user_rating":{"aggregate_rating":"4.8","rating_text":"Excellent","rating_color":"3F7E00","votes":"417"},
        "all_reviews_count":218,
        "photos_url":"https:\/\/www.zomato.com\/pune\/asia-kitchen-by-mainland-china-dhole-patil-road\/photos?utm_source=api_basic_user&utm_medium=api&utm_campaign=v2.1#tabtop",
        "photo_count":608,
        "menu_url":"https:\/\/www.zomato.com\/pune\/asia-kitchen-by-mainland-china-dhole-patil-road\/menu?utm_source=api_basic_user&utm_medium=api&utm_campaign=v2.1&openSwipeBox=menu&showMinimal=1#tabtop",
        "featured_image":"https:\/\/b.zmtcdn.com\/data\/pictures\/chains\/9\/18874909\/4ab4368dee2266dc42b16e859cbf268f.jpg",
        "medio_provider":1,
        "has_online_delivery":1,
        "is_delivering_now":0,
        "include_bogo_offers":true,
        "deeplink":"zomato:\/\/restaurant\/18874909",
        "is_table_reservation_supported":1,
        "has_table_booking":0,
        "events_url":"https:\/\/www.zomato.com\/pune\/asia-kitchen-by-mainland-china-dhole-patil-road\/events#tabtop?utm_source=api_basic_user&utm_medium=api&utm_campaign=v2.1",
        "phone_numbers":"020 71967560",
        "establishment":["Casual Dining"],
        "establishment_types":[]}},
        {"restaurant":{"R":{"res_id":6508321},"apikey":"f8e764632db822d8f7cac3254c5f8af3","id":"6508321","name":"Shizusan","url":"https:\/\/www.zomato.com\/pune\/shizusan-viman-nagar?utm_source=api_basic_user&utm_medium=api&utm_campaign=v2.1",
        "location":{"address":"Upper Ground Floor, Phoenix Market City, Viman Nagar, Pune","locality":"Phoenix Market City, Viman Nagar","city":"Pune","city_id":5,"latitude":"18.5618881015","longitude":"73.9169946313","zipcode":"","country_id":1,"locality_verbose":"Phoenix Market City, Viman Nagar, Pune"},
        "switch_to_order_menu":0,
        "cuisines":"Japanese, Sushi, Vietnamese, Thai, Korean, Chinese, Asian","timings":"11:30 AM to 11:30 PM",
        "average_cost_for_two":1600,
        "price_range":3,"currency":"Rs.","highlights":["Cash","Debit Card","Credit Card","Mall Parking","Lunch","Takeaway Available","Dinner","Wine","Outdoor Seating","Air Conditioned","Fullbar","Table booking recommended","Indoor Seating","Smoking Area"],"offers":[],"opentable_support":0,"is_zomato_book_res":0,"mezzo_provider":"OTHER","is_book_form_web_view":0,"book_form_web_view_url":"","book_again_url":"","thumb":"https:\/\/b.zmtcdn.com\/data\/pictures\/1\/6508321\/b6ca4775f4451aa2ddefd736c0c878e3.jpg?fit=around%7C200%3A200&crop=200%3A200%3B%2A%2C%2A","user_rating":{"aggregate_rating":"4.5","rating_text":"Excellent","rating_color":"3F7E00","votes":"1506"},"all_reviews_count":871,"photos_url":"https:\/\/www.zomato.com\/pune\/shizusan-viman-nagar\/photos?utm_source=api_basic_user&utm_medium=api&utm_campaign=v2.1#tabtop","photo_count":2798,"photos":[{"photo":{"id":"u_NTc1NTk3MzQxMD","url":"https:\/\/b.zmtcdn.com\/data\/reviews_photos\/689\/364314b2f700d57b2f68c648013ab689_1547184379.jpg","thumb_url":"https:\/\/b.zmtcdn.com\/data\/reviews_photos\/689\/364314b2f700d57b2f68c648013ab689_1547184379.jpg?fit=around%7C200%3A200&crop=200%3A200%3B%2A%2C%2A","user":{"name":"Shivani Shinde","foodie_level":"Foodie","foodie_level_num":3,"foodie_color":"ffd35d","profile_url":"https:\/\/www.zomato.com\/users\/shivani-shinde-36078272?utm_source=api_basic_user&utm_medium=api&utm_campaign=v2.1","profile_image":"https:\/\/b.zmtcdn.com\/images\/user_avatars\/mug_2x.png?fit=around%7C200%3A200&crop=200%3A200%3B%2A%2C%2A","profile_deeplink":"zomato:\/\/u\/36078272"},"res_id":6508321,"caption":"","timestamp":1547184379,"friendly_time":"5 months ago","width":1125,"height":828}},{"photo":{"id":"u_4NDM0NjMzNzIwM","url":"https:\/\/b.zmtcdn.com\/data\/reviews_photos\/4d7\/a6f386ba529124d085ea2b161fb894d7_1551709209.jpg","thumb_url":"https:\/\/b.zmtcdn.com\/data\/reviews_photos\/4d7\/a6f386ba529124d085ea2b161fb894d7_1551709209.jpg?fit=around%7C200%3A200&crop=200%3A200%3B%2A%2C%2A","user":{"name":"Nikhil Dixit","foodie_level":"Big Foodie","foodie_level_num":6,"foodie_color":"ffae4f","profile_url":"https:\/\/www.zomato.com\/users\/nikhil-dixit-425987?utm_source=api_basic_user&utm_medium=api&utm_campaign=v2.1","profile_image":"https:\/\/b.zmtcdn.com\/data\/user_profile_pictures\/6f5\/649b911a2203e569c838240ab347f6f5.jpg?fit=around%7C100%3A100&crop=100%3A100%3B%2A%2C%2A","profile_deeplink":"zomato:\/\/u\/425987"},"res_id":6508321,"caption":"","timestamp":1551709209,"friendly_time":"3 months ago","width":756,"height":945}},{"photo":{"id":"u_g0NDgwODU1MjM0","url":"https:\/\/b.zmtcdn.com\/data\/reviews_photos\/33f\/1cb9e3ae74bc12b722348e5ca5dcd33f_1554166153.jpeg?fit=around%7C640%3A640&crop=640%3A640%3B%2A%2C%2A","thumb_url":"https:\/\/b.zmtcdn.com\/data\/reviews_photos\/33f\/1cb9e3ae74bc12b722348e5ca5dcd33f_1554166153.jpeg?fit=around%7C200%3A200&crop=200%3A200%3B%2A%2C%2A","user":{"name":"Nagesh Biswas","zomato_handle":"nagesh_biswas","foodie_level":"Big Foodie","foodie_level_num":5,"foodie_color":"ffae4f","profile_url":"https:\/\/www.zomato.com\/nagesh_biswas?utm_source=api_basic_user&utm_medium=api&utm_campaign=v2.1","profile_image":"https:\/\/b.zmtcdn.com\/data\/user_profile_pictures\/48c\/423ceba3c39d498210a4812cd6a2148c.jpg?fit=around%7C100%3A100&crop=100%3A100%3B%2A%2C%2A","profile_deeplink":"zomato:\/\/u\/599927"},"res_id":6508321,"caption":"","timestamp":1554166167,"friendly_time":"2 months ago","width":640,"height":640}},{"photo":{"id":"u_MTgzMTUNjYyNzk","url":"https:\/\/b.zmtcdn.com\/data\/reviews_photos\/461\/258e1a05e2f195abbb5ddd1dd4f9e461_1547184379.jpg","thumb_url":"https:\/\/b.zmtcdn.com\/data\/reviews_photos\/461\/258e1a05e2f195abbb5ddd1dd4f9e461_1547184379.jpg?fit=around%7C200%3A200&crop=200%3A200%3B%2A%2C%2A","user":{"name":"Shivani Shinde","foodie_level":"Foodie","foodie_level_num":3,"foodie_color":"ffd35d","profile_url":"https:\/\/www.zomato.com\/users\/shivani-shinde-36078272?utm_source=api_basic_user&utm_medium=api&utm_campaign=v2.1","profile_image":"https:\/\/b.zmtcdn.com\/images\/user_avatars\/mug_2x.png?fit=around%7C200%3A200&crop=200%3A200%3B%2A%2C%2A","profile_deeplink":"zomato:\/\/u\/36078272"},"res_id":6508321,"caption":"","timestamp":1547184379,"friendly_time":"5 months ago","width":1125,"height":1509}},{"photo":{"id":"u_EwMzM3OTU5MDI5","url":"https:\/\/b.zmtcdn.com\/data\/reviews_photos\/fd2\/0b21e0e2c324bf518ce715bbfe0c5fd2_1549209367.jpg","thumb_url":"https:\/\/b.zmtcdn.com\/data\/reviews_photos\/fd2\/0b21e0e2c324bf518ce715bbfe0c5fd2_1549209367.jpg?fit=around%7C200%3A200&crop=200%3A200%3B%2A%2C%2A","user":{"name":"Harjeet Singh","zomato_handle":"kovalam","foodie_level":"Super Foodie","foodie_level_num":11,"foodie_color":"f58552","profile_url":"https:\/\/www.zomato.com\/kovalam?utm_source=api_basic_user&utm_medium=api&utm_campaign=v2.1","profile_image":"https:\/\/b.zmtcdn.com\/data\/user_profile_pictures\/7ef\/b10d572ceb67094defa82b1a88d5d7ef.jpg?fit=around%7C100%3A100&crop=100%3A100%3B%2A%2C%2A","profile_deeplink":"zomato:\/\/u\/56496"},"res_id":6508321,"caption":"","timestamp":1549209367,"friendly_time":"4 months ago","width":864,"height":864}},{"photo":{"id":"u_k2MTAyODU2MjUx","url":"https:\/\/b.zmtcdn.com\/data\/reviews_photos\/e1a\/4a50bff45e3da6fdfc466e8b21ea5e1a_1547932153.jpg","thumb_url":"https:\/\/b.zmtcdn.com\/data\/reviews_photos\/e1a\/4a50bff45e3da6fdfc466e8b21ea5e1a_1547932153.jpg?fit=around%7C200%3A200&crop=200%3A200%3B%2A%2C%2A","user":{"name":"Esha Mondal","foodie_level":"Foodie","foodie_level_num":3,"foodie_color":"ffd35d","profile_url":"https:\/\/www.zomato.com\/users\/esha-mondal-45543990?utm_source=api_basic_user&utm_medium=api&utm_campaign=v2.1","profile_image":"https:\/\/b.zmtcdn.com\/data\/user_profile_pictures\/3e7\/9017f9e7dc1c210ef276420ea7f0a3e7.jpg?fit=around%7C100%3A100&crop=100%3A100%3B%2A%2C%2A","profile_deeplink":"zomato:\/\/u\/45543990"},"res_id":6508321,"caption":"","timestamp":1547932154,"friendly_time":"5 months ago","width":1124,"height":2000}},{"photo":{"id":"u_MDU5MzMyMzU0Nj","url":"https:\/\/b.zmtcdn.com\/data\/reviews_photos\/835\/bbcf08fbae04b177e52aee8e4c0d8835_1549463633.jpg","thumb_url":"https:\/\/b.zmtcdn.com\/data\/reviews_photos\/835\/bbcf08fbae04b177e52aee8e4c0d8835_1549463633.jpg?fit=around%7C200%3A200&crop=200%3A200%3B%2A%2C%2A","user":{"name":"Dr","zomato_handle":"mytraveldiaryforachange","foodie_level":"Super Foodie","foodie_level_num":10,"foodie_color":"f58552","profile_url":"https:\/\/www.zomato.com\/mytraveldiaryforachange?utm_source=api_basic_user&utm_medium=api&utm_campaign=v2.1","profile_image":"https:\/\/b.zmtcdn.com\/data\/user_profile_pictures\/609\/53ed8faf5b88fa6543dfda9763702609.jpg?fit=around%7C100%3A100&crop=100%3A100%3B%2A%2C%2A","profile_deeplink":"zomato:\/\/u\/27465118"},"res_id":6508321,"caption":"","timestamp":1549463633,"friendly_time":"4 months ago","width":750,"height":1334}},{"photo":{"id":"u_MzQ5NjU0MzgxOT","url":"https:\/\/b.zmtcdn.com\/data\/reviews_photos\/80b\/d3ec131eebb6484c486a6a351442c80b_1551675043.jpg","thumb_url":"https:\/\/b.zmtcdn.com\/data\/reviews_photos\/80b\/d3ec131eebb6484c486a6a351442c80b_1551675043.jpg?fit=around%7C200%3A200&crop=200%3A200%3B%2A%2C%2A","user":{"name":"Swarnima Tamang","zomato_handle":"swarnimayontamang_syt","foodie_level":"Big Foodie","foodie_level_num":4,"foodie_color":"ffae4f","profile_url":"https:\/\/www.zomato.com\/swarnimayontamang_syt?utm_source=api_basic_user&utm_medium=api&utm_campaign=v2.1","profile_image":"https:\/\/b.zmtcdn.com\/data\/user_profile_pictures\/638\/a4e828aeda8b66cb393ecbd16c8dc638.jpg?fit=around%7C100%3A100&crop=100%3A100%3B%2A%2C%2A","profile_deeplink":"zomato:\/\/u\/1584777"},"res_id":6508321,"caption":"Rainbow maki","timestamp":1551675043,"friendly_time":"3 months ago","width":1080,"height":809}},{"photo":{"id":"u_MzM4MjI1OTg5MD","url":"https:\/\/b.zmtcdn.com\/data\/reviews_photos\/a8c\/975904d6c88100e76055acf955dbca8c_1551675043.jpg","thumb_url":"https:\/\/b.zmtcdn.com\/data\/reviews_photos\/a8c\/975904d6c88100e76055acf955dbca8c_1551675043.jpg?fit=around%7C200%3A200&crop=200%3A200%3B%2A%2C%2A","user":{"name":"Swarnima Tamang","zomato_handle":"swarnimayontamang_syt","foodie_level":"Big Foodie","foodie_level_num":4,"foodie_color":"ffae4f","profile_url":"https:\/\/www.zomato.com\/swarnimayontamang_syt?utm_source=api_basic_user&utm_medium=api&utm_campaign=v2.1","profile_image":"https:\/\/b.zmtcdn.com\/data\/user_profile_pictures\/638\/a4e828aeda8b66cb393ecbd16c8dc638.jpg?fit=around%7C100%3A100&crop=100%3A100%3B%2A%2C%2A","profile_deeplink":"zomato:\/\/u\/1584777"},"res_id":6508321,"caption":"","timestamp":1551675043,"friendly_time":"3 months ago","width":1080,"height":815}},{"photo":{"id":"u_2MjQzOTI0NzAxO","url":"https:\/\/b.zmtcdn.com\/data\/reviews_photos\/117\/c2dccd2c4265b285d6dd0f26f57bf117_1547313040.jpg","thumb_url":"https:\/\/b.zmtcdn.com\/data\/reviews_photos\/117\/c2dccd2c4265b285d6dd0f26f57bf117_1547313040.jpg?fit=around%7C200%3A200&crop=200%3A200%3B%2A%2C%2A","user":{"name":"Ritika Malhotra","foodie_level":"Big Foodie","foodie_level_num":6,"foodie_color":"ffae4f","profile_url":"https:\/\/www.zomato.com\/users\/ritika-malhotra-3078651?utm_source=api_basic_user&utm_medium=api&utm_campaign=v2.1","profile_image":"https:\/\/b.zmtcdn.com\/data\/user_profile_pictures\/f45\/778e58a3656b5603d705d58ccff93f45.jpg?fit=around%7C100%3A100&crop=100%3A100%3B%2A%2C%2A","profile_deeplink":"zomato:\/\/u\/3078651"},"res_id":6508321,"caption":"","timestamp":1547313041,"friendly_time":"5 months ago","width":3024,"height":4032}}],"menu_url":"https:\/\/www.zomato.com\/pune\/shizusan-viman-nagar\/menu?utm_source=api_basic_user&utm_medium=api&utm_campaign=v2.1&openSwipeBox=menu&showMinimal=1#tabtop","featured_image":"https:\/\/b.zmtcdn.com\/data\/pictures\/1\/6508321\/b6ca4775f4451aa2ddefd736c0c878e3.jpg","medio_provider":1,"has_online_delivery":1,"is_delivering_now":0,"include_bogo_offers":true,"deeplink":"zomato:\/\/restaurant\/6508321","is_table_reservation_supported":1,"has_table_booking":0,"events_url":"https:\/\/www.zomato.com\/pune\/shizusan-viman-nagar\/events#tabtop?utm_source=api_basic_user&utm_medium=api&utm_campaign=v2.1","phone_numbers":"020 66890401","all_reviews":{"reviews":[{"review":{"rating":3,"review_text":"I ordered food from here and was not impressed at all. It wasn\u2019t worth the hype and restaurant did not even pick up when I tried to connect.  - Water chestnut and chive dimsums were ok. Nothing new or worth the \u2018best seller\u2019 tag  - Edamame petit poi\u2019s and truffle oil had a dense paste like filling and did not taste good  - Mapo Tofu was a big disappointment again. It had a lot of mushrooms with no overall taste. It had a small portion size with no rice","id":43586129,"rating_color":"CDD614","review_time_friendly":"yesterday","rating_text":"Average","timestamp":1560782419,"likes":0,"user":{"name":"Saumya","foodie_level":"Big Foodie","foodie_level_num":4,"foodie_color":"ffae4f","profile_url":"https:\/\/www.zomato.com\/users\/saumya-42690896?utm_source=api_basic_user&utm_medium=api&utm_campaign=v2.1","profile_image":"https:\/\/b.zmtcdn.com\/data\/user_profile_pictures\/600\/65a92257643e8d78ad77a6a3283f0600.jpg?fit=around%7C100%3A100&crop=100%3A100%3B%2A%2C%2A","profile_deeplink":"zomato:\/\/u\/42690896"},"comments_count":0}},{"review":{"rating":4,"review_text":"Undoubtedly the best sushi outlet in Pune, although I\u2019ve eaten better otherwise. The tender and succulent goodness of the sushi is what makes you go there again and again and again. Been here 4 times already and their dynamite prawn sushi and edamame dumplings have been a hot favourite \ud83d\ude0d . Price wise it\u2019s perfect for the quantity served.","id":43534199,"rating_color":"5BA829","review_time_friendly":"4 days ago","rating_text":"Great!","timestamp":1560517901,"likes":0,"user":{"name":"Arefa Chaiwala","foodie_level":"Foodie","foodie_level_num":3,"foodie_color":"ffd35d","profile_url":"https:\/\/www.zomato.com\/users\/arefa-chaiwala-41102629?utm_source=api_basic_user&utm_medium=api&utm_campaign=v2.1","profile_image":"https:\/\/b.zmtcdn.com\/data\/user_profile_pictures\/4aa\/5d5a6e40f675920fb89435fee56854aa.jpg?fit=around%7C100%3A100&crop=100%3A100%3B%2A%2C%2A","profile_deeplink":"zomato:\/\/u\/41102629"},"comments_count":0}},{"review":{"rating":5,"review_text":"Really nice restaurant at phoenix.  We enjoy alot going there and trying something new each time.  Everything taste good and the fish tastes fresh","id":43523114,"rating_color":"305D02","review_time_friendly":"5 days ago","rating_text":"Insane!","timestamp":1560444036,"likes":0,"user":{"name":"Samet \u00e7al\u0131\u015fkan","foodie_level":"Big Foodie","foodie_level_num":4,"foodie_color":"ffae4f","profile_url":"https:\/\/www.zomato.com\/users\/samet-alkan-50402020?utm_source=api_basic_user&utm_medium=api&utm_campaign=v2.1","profile_image":"https:\/\/b.zmtcdn.com\/data\/user_profile_pictures\/250\/f47de33a23ffdeaed2505bcae02a1250.jpg?fit=around%7C100%3A100&crop=100%3A100%3B%2A%2C%2A","profile_deeplink":"zomato:\/\/u\/50402020"},"comments_count":0}},{"review":{"rating":5,"review_text":"Amazing food \u2764\ufe0f  Visited here on a quiet Tuesday evening and we were seated right away. The ambience is decent and comfortable. About the food, we ordered:  1) Vegetable Chui Chow Dimsums: (5\/5) Really really good! The filling was perfect and they tasted great. 2) Avacado Salad Maki: (5\/5) only if I could rate this more than 5\/5 I would! Amazing flavours \u2764\ufe0f The ginger and wasabi sides provide a great hit. 3) Vietnamese Pho: (3\/5) This wasn't great though. The preparation was perfect but it tasted bland to be honest. Would've been happy with aore flavourful broth. 4) Chilly Garlic Noodles: (5\/5) Wow wow wow. Bang on spicy and amazing \u2764\ufe0f  Overall, it was an incredible food experience! Do visit if you love Asian cuisine.","id":43513051,"rating_color":"305D02","review_time_friendly":"6 days ago","rating_text":"Insane!","timestamp":1560392669,"likes":0,"user":{"name":"Hemang Pandit","foodie_level":"Super Foodie","foodie_level_num":8,"foodie_color":"f58552","profile_url":"https:\/\/www.zomato.com\/users\/hemang-pandit-27615685?utm_source=api_basic_user&utm_medium=api&utm_campaign=v2.1","profile_image":"https:\/\/b.zmtcdn.com\/data\/user_profile_pictures\/d6a\/a2745ec385345fb741713f6c49c91d6a.jpg?fit=around%7C100%3A100&crop=100%3A100%3B%2A%2C%2A","profile_deeplink":"zomato:\/\/u\/27615685"},"comments_count":0}},{"review":{"rating":2,"review_text":"Ambience - 2 stars. One, water was dripping from the ceiling right behind our table. Two, the layout is such that people can walk across the restaurant to go from inside of the mall to the outside (or vice versa). Is it a restaurant within a mall or the other way around?  Service - 2 stars. 1. A waiter walks up to us and tells us, \" I'll be waiting for you tonight\" . Great! A personalized dining experience...is what we thought we'd get. But we didn't. The waiter was all around the place waiting for several other tables just like any other budget restaurant. ( This isn't a budget restaurant by any means though). Had to try desperately to get his attention a few times. We had at least 2 other waiters come by our table to take orders. Even the Manager ( it looked like him) came by our table. They look confused. Unorganized.  2. Besides the quality and quantity of food, what really puts any diner off is the restaurant telling them that the food they want is unavailable. What makes it even worse is them telling this to us several minutes after taking the order! This is exactly what happened with us. After going through their exhaustive list of menu, we decided to order a particular style of salad. The waiter takes the order. We are looking forward to tasting something new. Several minutes later, the waiter returns and tells us that the main ingredient itself of the salad isn't available. What a shame! If it's not available, mention it in your menu! Or at least make your waiters aware!  Food - 2 stars. Ordered a style of fried fish for starters. It was covered with tons of flour and was excessively oily. Not good at all. The noodles that we ordered tasted good. I must give this to them. But again, it was way too oily. Had two different styles of dimsums which tasted just fine. But the quantity was meagre, to put it politely. Which brings me to the final segment...  Price - 2 stars. Now it doesn't matter if I'm super rich or super poor. I've come to your restaurant to get your services for which I'm paying. And I want the worth of every penny I'm spending, back. Just four pcs of dimsums for well over 400 rupees? A 100 bucks for just 1 dimsum? Are you joking? It is not even a Michelin rated restaurant nor is the service upto the mark. Totally unfair and unjust pricing.  Also, we ordered a ginger ale from their bar menu. Was expecting something original coming off their bar which was right next to our table. But what we got was a glass full of ice and a can of Schweppes Ginger Ale! Are you absolutely kidding us??  Won't be coming back here nor going to recommend anybody unless at least a couple of the above mentioned concerns are dealt with.","id":43500029,"rating_color":"FF7800","review_time_friendly":"7 days ago","rating_text":"Blah!","timestamp":1560317455,"likes":0,"user":{"name":"Rahul Kutty","foodie_level":"Foodie","foodie_level_num":2,"foodie_color":"ffd35d","profile_url":"https:\/\/www.zomato.com\/users\/rahul-kutty-34912426?utm_source=api_basic_user&utm_medium=api&utm_campaign=v2.1","profile_image":"https:\/\/b.zmtcdn.com\/data\/user_profile_pictures\/538\/031197386212aab83d5c4f5a84307538.jpg?fit=around%7C100%3A100&crop=100%3A100%3B%2A%2C%2A","profile_deeplink":"zomato:\/\/u\/34912426"},"comments_count":0}}]},"establishment":["Casual Dining"],"establishment_types":[]}},{"restaurant":{"R":{"res_id":11104},"apikey":"f8e764632db822d8f7cac3254c5f8af3","id":"11104","name":"Chang's","url":"https:\/\/www.zomato.com\/pune\/changs-viman-nagar?utm_source=api_basic_user&utm_medium=api&utm_campaign=v2.1","location":{"address":"King Sport Home 7, Datta Mandir Chowk, Viman Nagar, Pune","locality":"Viman Nagar","city":"Pune","city_id":5,"latitude":"18.5652094469","longitude":"73.9137588814","zipcode":"","country_id":1,"locality_verbose":"Viman Nagar, Pune"},"switch_to_order_menu":0,"cuisines":"Chinese","timings":"12 Noon to 11:30 PM","average_cost_for_two":1000,"price_range":3,"currency":"Rs.","highlights":["Lunch","Cash","Takeaway Available","Debit Card","Dinner","Delivery","Credit Card","Air Conditioned","Valet Parking Available","Sodexo","Indoor Seating","Table Reservation Not Required","Outdoor Seating"],"offers":[],"opentable_support":0,"is_zomato_book_res":0,"mezzo_provider":"OTHER","is_book_form_web_view":0,"book_form_web_view_url":"","book_again_url":"","thumb":"https:\/\/b.zmtcdn.com\/data\/pictures\/chains\/4\/11104\/9d4acde3f9990fd09333e2a4c3718e45.jpg?fit=around%7C200%3A200&crop=200%3A200%3B%2A%2C%2A","user_rating":{"aggregate_rating":"4.2","rating_text":"Very Good","rating_color":"5BA829","votes":"2081"},"all_reviews_count":1114,"photos_url":"https:\/\/www.zomato.com\/pune\/changs-viman-nagar\/photos?utm_source=api_basic_user&utm_medium=api&utm_campaign=v2.1#tabtop","photo_count":785,"photos":[{"photo":{"id":"u_Dk5MTcxMDENjc1","url":"https:\/\/b.zmtcdn.com\/data\/reviews_photos\/c39\/772dcfaf48c77fd840484ad9574c9c39_1546277195.jpg","thumb_url":"https:\/\/b.zmtcdn.com\/data\/reviews_photos\/c39\/772dcfaf48c77fd840484ad9574c9c39_1546277195.jpg?fit=around%7C200%3A200&crop=200%3A200%3B%2A%2C%2A","user":{"name":"Foodzlicious","foodie_level":"Super Foodie","foodie_level_num":9,"foodie_color":"f58552","profile_url":"https:\/\/www.zomato.com\/users\/foodzlicious-52154020?utm_source=api_basic_user&utm_medium=api&utm_campaign=v2.1","profile_image":"https:\/\/b.zmtcdn.com\/data\/user_profile_pictures\/c91\/9b229417fceda3e6375b330784434c91.jpg?fit=around%7C100%3A100&crop=100%3A100%3B%2A%2C%2A","profile_deeplink":"zomato:\/\/u\/52154020"},"res_id":11104,"caption":"","timestamp":1546277195,"friendly_time":"5 months ago","width":720,"height":697}},{"photo":{"id":"u_yMzAzMTkzNTQ4N","url":"https:\/\/b.zmtcdn.com\/data\/reviews_photos\/ae4\/da735b2b30534348d0b9d03c78d07ae4_1551007766.jpg","thumb_url":"https:\/\/b.zmtcdn.com\/data\/reviews_photos\/ae4\/da735b2b30534348d0b9d03c78d07ae4_1551007766.jpg?fit=around%7C200%3A200&crop=200%3A200%3B%2A%2C%2A","user":{"name":"Rahul Singh","foodie_level":"Big Foodie","foodie_level_num":5,"foodie_color":"ffae4f","profile_url":"https:\/\/www.zomato.com\/users\/rahul-singh-49695?utm_source=api_basic_user&utm_medium=api&utm_campaign=v2.1","profile_image":"https:\/\/b.zmtcdn.com\/data\/user_profile_pictures\/57e\/8833b8c08639a31bce3dffaa5d0dd57e.jpg?fit=around%7C100%3A100&crop=100%3A100%3B%2A%2C%2A","profile_deeplink":"zomato:\/\/u\/49695"},"res_id":11104,"caption":"","timestamp":1551007766,"friendly_time":"3 months ago","width":864,"height":1152}},{"photo":{"id":"u_A2NDQ3MDIxNjcz","url":"https:\/\/b.zmtcdn.com\/data\/reviews_photos\/f83\/3c5fc7ebd64b231033a0c279b1d54f83_1550227818.jpg","thumb_url":"https:\/\/b.zmtcdn.com\/data\/reviews_photos\/f83\/3c5fc7ebd64b231033a0c279b1d54f83_1550227818.jpg?fit=around%7C200%3A200&crop=200%3A200%3B%2A%2C%2A","user":{"name":"Faraaz Shai","foodie_level":"Foodie","foodie_level_num":3,"foodie_color":"ffd35d","profile_url":"https:\/\/www.zomato.com\/users\/faraaz-shai-48953846?utm_source=api_basic_user&utm_medium=api&utm_campaign=v2.1","profile_image":"https:\/\/b.zmtcdn.com\/images\/user_avatars\/pizza_2x.png?fit=around%7C200%3A200&crop=200%3A200%3B%2A%2C%2A","profile_deeplink":"zomato:\/\/u\/48953846"},"res_id":11104,"caption":"","timestamp":1550227818,"friendly_time":"4 months ago","width":780,"height":1040}},{"photo":{"id":"u_DM1ODg0Njg5MjU","url":"https:\/\/b.zmtcdn.com\/data\/reviews_photos\/eb0\/6cb406200426781df7114d36cab51eb0_1544362650.jpg","thumb_url":"https:\/\/b.zmtcdn.com\/data\/reviews_photos\/eb0\/6cb406200426781df7114d36cab51eb0_1544362650.jpg?fit=around%7C200%3A200&crop=200%3A200%3B%2A%2C%2A","user":{"name":"Krishnapriya","foodie_level":"Big Foodie","foodie_level_num":5,"foodie_color":"ffae4f","profile_url":"https:\/\/www.zomato.com\/users\/krishnapriya-41943086?utm_source=api_basic_user&utm_medium=api&utm_campaign=v2.1","profile_image":"https:\/\/b.zmtcdn.com\/data\/user_profile_pictures\/3d1\/34e10740a76c27d06c23671a41b4e3d1.jpg?fit=around%7C100%3A100&crop=100%3A100%3B%2A%2C%2A","profile_deeplink":"zomato:\/\/u\/41943086"},"res_id":11104,"caption":"","timestamp":1544362650,"friendly_time":"6 months ago","width":1280,"height":1280}},{"photo":{"id":"u_jU3MzM0MzgwOTY","url":"https:\/\/b.zmtcdn.com\/data\/reviews_photos\/d6f\/cc8561284b77122d4e6c3b80091e9d6f_1551007768.jpg","thumb_url":"https:\/\/b.zmtcdn.com\/data\/reviews_photos\/d6f\/cc8561284b77122d4e6c3b80091e9d6f_1551007768.jpg?fit=around%7C200%3A200&crop=200%3A200%3B%2A%2C%2A","user":{"name":"Rahul Singh","foodie_level":"Big Foodie","foodie_level_num":5,"foodie_color":"ffae4f","profile_url":"https:\/\/www.zomato.com\/users\/rahul-singh-49695?utm_source=api_basic_user&utm_medium=api&utm_campaign=v2.1","profile_image":"https:\/\/b.zmtcdn.com\/data\/user_profile_pictures\/57e\/8833b8c08639a31bce3dffaa5d0dd57e.jpg?fit=around%7C100%3A100&crop=100%3A100%3B%2A%2C%2A","profile_deeplink":"zomato:\/\/u\/49695"},"res_id":11104,"caption":"","timestamp":1551007768,"friendly_time":"3 months ago","width":864,"height":1152}},{"photo":{"id":"u_IzMzk4NDc2MDAz","url":"https:\/\/b.zmtcdn.com\/data\/reviews_photos\/cbb\/a39f6faf6e31a84d144b899b65b51cbb_1554104765.jpg","thumb_url":"https:\/\/b.zmtcdn.com\/data\/reviews_photos\/cbb\/a39f6faf6e31a84d144b899b65b51cbb_1554104765.jpg?fit=around%7C200%3A200&crop=200%3A200%3B%2A%2C%2A","user":{"name":"Desiduniyafoodtalk","zomato_handle":"0208","foodie_level":"Connoisseur","foodie_level_num":12,"foodie_color":"e95151","profile_url":"https:\/\/www.zomato.com\/0208?utm_source=api_basic_user&utm_medium=api&utm_campaign=v2.1","profile_image":"https:\/\/b.zmtcdn.com\/data\/user_profile_pictures\/8a8\/93c2455f3c26cb33cd04e9b4458048a8.jpg?fit=around%7C100%3A100&crop=100%3A100%3B%2A%2C%2A","profile_deeplink":"zomato:\/\/u\/16204553"},"res_id":11104,"caption":"","timestamp":1554104766,"friendly_time":"2 months ago","width":3773,"height":3024}},{"photo":{"id":"u_A1NDY0NDA0MAOD","url":"https:\/\/b.zmtcdn.com\/data\/reviews_photos\/bc6\/5e7f29104df9459ab9721f5bd39b8bc6_1544428616.jpg","thumb_url":"https:\/\/b.zmtcdn.com\/data\/reviews_photos\/bc6\/5e7f29104df9459ab9721f5bd39b8bc6_1544428616.jpg?fit=around%7C200%3A200&crop=200%3A200%3B%2A%2C%2A","user":{"name":"Shubham Raj","foodie_level":"Big Foodie","foodie_level_num":4,"foodie_color":"ffae4f","profile_url":"https:\/\/www.zomato.com\/users\/shubham-raj-38493494?utm_source=api_basic_user&utm_medium=api&utm_campaign=v2.1","profile_image":"https:\/\/b.zmtcdn.com\/images\/user_avatars\/pizza_2x.png?fit=around%7C200%3A200&crop=200%3A200%3B%2A%2C%2A","profile_deeplink":"zomato:\/\/u\/38493494"},"res_id":11104,"caption":"","timestamp":1544428617,"friendly_time":"6 months ago","width":1094,"height":864}},{"photo":{"id":"u_Tc4Nzg1NAMzk4M","url":"https:\/\/b.zmtcdn.com\/data\/reviews_photos\/3d7\/1da0659c3c9b0d06ad1f0bdc5e8ae3d7_1546277198.jpg","thumb_url":"https:\/\/b.zmtcdn.com\/data\/reviews_photos\/3d7\/1da0659c3c9b0d06ad1f0bdc5e8ae3d7_1546277198.jpg?fit=around%7C200%3A200&crop=200%3A200%3B%2A%2C%2A","user":{"name":"Foodzlicious","foodie_level":"Super Foodie","foodie_level_num":9,"foodie_color":"f58552","profile_url":"https:\/\/www.zomato.com\/users\/foodzlicious-52154020?utm_source=api_basic_user&utm_medium=api&utm_campaign=v2.1","profile_image":"https:\/\/b.zmtcdn.com\/data\/user_profile_pictures\/c91\/9b229417fceda3e6375b330784434c91.jpg?fit=around%7C100%3A100&crop=100%3A100%3B%2A%2C%2A","profile_deeplink":"zomato:\/\/u\/52154020"},"res_id":11104,"caption":"","timestamp":1546277198,"friendly_time":"5 months ago","width":720,"height":543}},{"photo":{"id":"u_NjIwOTIwMzUNzE","url":"https:\/\/b.zmtcdn.com\/data\/reviews_photos\/877\/8685a3eb9310cbb65e32a269b75e2877_1559645895.jpg","thumb_url":"https:\/\/b.zmtcdn.com\/data\/reviews_photos\/877\/8685a3eb9310cbb65e32a269b75e2877_1559645895.jpg?crop=648%3A648%3B31%2C0&fit=around%7C200%3A200","user":{"name":"Ayushman Borah","foodie_level":"Big Foodie","foodie_level_num":6,"foodie_color":"ffae4f","profile_url":"https:\/\/www.zomato.com\/users\/ayushman-borah-38414135?utm_source=api_basic_user&utm_medium=api&utm_campaign=v2.1","profile_image":"https:\/\/b.zmtcdn.com\/data\/user_profile_pictures\/cfb\/003ac821e299d833bb94d067cb923cfb.jpg?fit=around%7C100%3A100&crop=100%3A100%3B%2A%2C%2A","profile_deeplink":"zomato:\/\/u\/38414135"},"res_id":11104,"caption":"","timestamp":1559645895,"friendly_time":"15 days ago","width":1152,"height":648}},{"photo":{"id":"u_1MDIxODEzMTY1O","url":"https:\/\/b.zmtcdn.com\/data\/reviews_photos\/39a\/c32a2094e422f06267f007d63fad339a_1557081156.jpg","thumb_url":"https:\/\/b.zmtcdn.com\/data\/reviews_photos\/39a\/c32a2094e422f06267f007d63fad339a_1557081156.jpg?crop=756%3A756%3B97%2C0&fit=around%7C200%3A200","user":{"name":"Rohan Srivastava","foodie_level":"Big Foodie","foodie_level_num":4,"foodie_color":"ffae4f","profile_url":"https:\/\/www.zomato.com\/users\/rohan-srivastava-40192864?utm_source=api_basic_user&utm_medium=api&utm_campaign=v2.1","profile_image":"https:\/\/b.zmtcdn.com\/data\/user_profile_pictures\/5e1\/0b5a3bbdc3a53148f60a852da5c965e1.jpg?fit=around%7C100%3A100&crop=100%3A100%3B%2A%2C%2A","profile_deeplink":"zomato:\/\/u\/40192864"},"res_id":11104,"caption":"","timestamp":1557081156,"friendly_time":"one month ago","width":1008,"height":756}}],"menu_url":"https:\/\/www.zomato.com\/pune\/changs-viman-nagar\/menu?utm_source=api_basic_user&utm_medium=api&utm_campaign=v2.1&openSwipeBox=menu&showMinimal=1#tabtop","featured_image":"https:\/\/b.zmtcdn.com\/data\/pictures\/chains\/4\/11104\/9d4acde3f9990fd09333e2a4c3718e45.jpg?output-format=webp","has_online_delivery":1,"is_delivering_now":0,"include_bogo_offers":true,"deeplink":"zomato:\/\/restaurant\/11104","is_table_reservation_supported":0,"has_table_booking":0,"events_url":"https:\/\/www.zomato.com\/pune\/changs-viman-nagar\/events#tabtop?utm_source=api_basic_user&utm_medium=api&utm_campaign=v2.1","phone_numbers":"020 71967343","all_reviews":{"reviews":[{"review":{"rating":1,"review_text":"Tried this place for weekends and I can def say this is not ideal because of their quality of food preparation. Wait time was superficial. Food quality was absurd. Def not recommended.","id":43449169,"rating_color":"CB202D","review_time_friendly":"10 days ago","rating_text":"Avoid!","timestamp":1560014528,"likes":0,"user":{"name":"Pratiksha Sonavane","foodie_level":"Foodie","foodie_level_num":2,"foodie_color":"ffd35d","profile_url":"https:\/\/www.zomato.com\/users\/pratiksha-sonavane-321791?utm_source=api_basic_user&utm_medium=api&utm_campaign=v2.1","profile_image":"https:\/\/b.zmtcdn.com\/data\/user_profile_pictures\/e40\/855aeda81b341b93707e2ee2d36bbe40.jpg?fit=around%7C100%3A100&crop=100%3A100%3B%2A%2C%2A","profile_deeplink":"zomato:\/\/u\/321791"},"comments_count":0}},{"review":{"rating":4,"review_text":"My all time favourite for Chinese destination. There are so many varieties which might always confuse us what to eat and what not! Best part, taste is available as per spicy you wanted or gravy you need as thick. Best to taste on souls, non veg starters.","id":43434930,"rating_color":"5BA829","review_time_friendly":"11 days ago","rating_text":"Great!","timestamp":1559940163,"likes":0,"user":{"name":"Saurabh Pandey","foodie_level":"Big Foodie","foodie_level_num":4,"foodie_color":"ffae4f","profile_url":"https:\/\/www.zomato.com\/users\/saurabh-pandey-32071630?utm_source=api_basic_user&utm_medium=api&utm_campaign=v2.1","profile_image":"https:\/\/b.zmtcdn.com\/data\/user_profile_pictures\/4b9\/7bd1f04d53c6fab342a30b0d58ad74b9.jpg?fit=around%7C100%3A100&crop=100%3A100%3B%2A%2C%2A","profile_deeplink":"zomato:\/\/u\/32071630"},"comments_count":0}},{"review":{"rating":5,"review_text":"Chang's the favorite restaurant for Chinese food.They have varieties of menu for veg and non-veg.Recently we had a dinner at Chang's and the must try out dishes from the menu are Chicken manchow soup, Chang's special veg noodles, Veg Manchurian,Minced Chicken chilly rice.We just loved this place.  Follow us on Instagram: @the_crazy_indian_chef","id":43379147,"rating_color":"305D02","review_time_friendly":"15 days ago","rating_text":"Insane!","timestamp":1559637526,"likes":1,"user":{"name":"The Crazy Indian Chef","foodie_level":"Big Foodie","foodie_level_num":4,"foodie_color":"ffae4f","profile_url":"https:\/\/www.zomato.com\/users\/the-crazy-indian-chef-116737487?utm_source=api_basic_user&utm_medium=api&utm_campaign=v2.1","profile_image":"https:\/\/b.zmtcdn.com\/data\/user_profile_pictures\/c52\/c15a13254f3aff0024b11aaff5acfc52.jpg?fit=around%7C100%3A100&crop=100%3A100%3B%2A%2C%2A","profile_deeplink":"zomato:\/\/u\/116737487"},"comments_count":0}},{"review":{"rating":3,"review_text":"Good Chinese food at a decent price point. A lot of their dishes come with their own gravies so that's something that is better confirmed before ordering noodles and a main course dish. As a side note, their American chopsuey is highly recommended.","id":43378863,"rating_color":"CDD614","review_time_friendly":"15 days ago","rating_text":"Average","timestamp":1559636528,"likes":0,"user":{"name":"Aayush Nagpal","foodie_level":"Big Foodie","foodie_level_num":4,"foodie_color":"ffae4f","profile_url":"https:\/\/www.zomato.com\/users\/aayush-nagpal-1350426?utm_source=api_basic_user&utm_medium=api&utm_campaign=v2.1","profile_image":"https:\/\/b.zmtcdn.com\/data\/user_profile_pictures\/dfb\/0546d9a7a38845b39bd23b002b010dfb.jpg?fit=around%7C100%3A100&crop=100%3A100%3B%2A%2C%2A","profile_deeplink":"zomato:\/\/u\/1350426"},"comments_count":0}},{"review":{"rating":2,"review_text":"Attitude of the staff is not good . food is good but at the time of availing zomato good benefits they will treat you differently.everything else is ok.","id":43378787,"rating_color":"FF7800","review_time_friendly":"15 days ago","rating_text":"Blah!","timestamp":1559636262,"likes":0,"user":{"name":"Sunney","foodie_level":"Foodie","foodie_level_num":2,"foodie_color":"ffd35d","profile_url":"https:\/\/www.zomato.com\/users\/sunney-57573235?utm_source=api_basic_user&utm_medium=api&utm_campaign=v2.1","profile_image":"https:\/\/b.zmtcdn.com\/data\/user_profile_pictures\/5cc\/cd8cb851c7fd0e07bd659bc9d58945cc.jpg?fit=around%7C100%3A100&crop=100%3A100%3B%2A%2C%2A","profile_deeplink":"zomato:\/\/u\/57573235"},"comments_count":0}}]},"establishment":["Casual Dining"],"establishment_types":[]}},{"restaurant":{"R":{"res_id":6504190},"apikey":"f8e764632db822d8f7cac3254c5f8af3","id":"6504190","name":"Kimchi","url":"https:\/\/www.zomato.com\/pune\/kimchi-kharadi?utm_source=api_basic_user&utm_medium=api&utm_campaign=v2.1","location":{"address":"Sambhaji Nagar, Opposite Hyundai Showroom, Beside HP Petrol Pump, Kharadi, Pune","locality":"Kharadi","city":"Pune","city_id":5,"latitude":"18.5468913430","longitude":"73.9359273389","zipcode":"","country_id":1,"locality_verbose":"Kharadi, Pune"},"switch_to_order_menu":0,"cuisines":"Chinese, Thai, Asian","timings":"11 AM to 11 PM (Mon-Sun)","average_cost_for_two":1100,"price_range":3,"currency":"Rs.","highlights":["Cash","Debit Card","Takeaway Available","No Alcohol Available","Dinner","Credit Card","Delivery","Lunch","Indoor Seating","Smoking Area","Outdoor Seating","Air Conditioned","Sodexo","Table booking recommended"],"offers":[],"opentable_support":0,"is_zomato_book_res":0,"mezzo_provider":"OTHER","is_book_form_web_view":0,"book_form_web_view_url":"","book_again_url":"","thumb":"https:\/\/b.zmtcdn.com\/data\/pictures\/0\/6504190\/6b37aabc93bf5bef37d1e16ef7497306.jpg?fit=around%7C200%3A200&crop=200%3A200%3B%2A%2C%2A","user_rating":{"aggregate_rating":"4.4","rating_text":"Very Good","rating_color":"5BA829","votes":"2277"},"all_reviews_count":1693,"photos_url":"https:\/\/www.zomato.com\/pune\/kimchi-kharadi\/photos?utm_source=api_basic_user&utm_medium=api&utm_campaign=v2.1#tabtop","photo_count":509,"photos":[{"photo":{"id":"u_MzE5MgMjU0NTA0","url":"https:\/\/b.zmtcdn.com\/data\/reviews_photos\/c77\/fea04c99baaf2a501f278d7e1b65dc77_1548356273.jpg","thumb_url":"https:\/\/b.zmtcdn.com\/data\/reviews_photos\/c77\/fea04c99baaf2a501f278d7e1b65dc77_1548356273.jpg?fit=around%7C200%3A200&crop=200%3A200%3B%2A%2C%2A","user":{"name":"Karanpreet Kapoor","foodie_level":"Big Foodie","foodie_level_num":7,"foodie_color":"ffae4f","profile_url":"https:\/\/www.zomato.com\/users\/karanpreet-kapoor-42181163?utm_source=api_basic_user&utm_medium=api&utm_campaign=v2.1","profile_image":"https:\/\/b.zmtcdn.com\/data\/user_profile_pictures\/72b\/0501b779b34155807e2e24ee30d2672b.jpg?fit=around%7C100%3A100&crop=100%3A100%3B%2A%2C%2A","profile_deeplink":"zomato:\/\/u\/42181163"},"res_id":6504190,"caption":"","timestamp":1548356273,"friendly_time":"4 months ago","width":1000,"height":563}},{"photo":{"id":"u_Tc0MzM3OTI1MjQ","url":"https:\/\/b.zmtcdn.com\/data\/reviews_photos\/ee8\/243fdc3c471bd066789525338ca17ee8_1554786655.jpg","thumb_url":"https:\/\/b.zmtcdn.com\/data\/reviews_photos\/ee8\/243fdc3c471bd066789525338ca17ee8_1554786655.jpg?fit=around%7C200%3A200&crop=200%3A200%3B%2A%2C%2A","user":{"name":"Archana Kumari","foodie_level":"Foodie","foodie_level_num":2,"foodie_color":"ffd35d","profile_url":"https:\/\/www.zomato.com\/users\/archana-kumari-67248401?utm_source=api_basic_user&utm_medium=api&utm_campaign=v2.1","profile_image":"https:\/\/b.zmtcdn.com\/data\/user_profile_pictures\/e51\/bb0257775f6217f48ce5cdf26f688e51.jpg?fit=around%7C100%3A100&crop=100%3A100%3B%2A%2C%2A","profile_deeplink":"zomato:\/\/u\/67248401"},"res_id":6504190,"caption":"","timestamp":1554786655,"friendly_time":"2 months ago","width":720,"height":540}},{"photo":{"id":"u_Tk3OTI2NTI2OTI","url":"https:\/\/b.zmtcdn.com\/data\/reviews_photos\/283\/02decf2d9e2d780ff9d09728a7870283_1544008636.jpg","thumb_url":"https:\/\/b.zmtcdn.com\/data\/reviews_photos\/283\/02decf2d9e2d780ff9d09728a7870283_1544008636.jpg?fit=around%7C200%3A200&crop=200%3A200%3B%2A%2C%2A","user":{"name":"Gourav Sharma","foodie_level":"Big Foodie","foodie_level_num":4,"foodie_color":"ffae4f","profile_url":"https:\/\/www.zomato.com\/users\/gourav-sharma-51741229?utm_source=api_basic_user&utm_medium=api&utm_campaign=v2.1","profile_image":"https:\/\/b.zmtcdn.com\/data\/user_profile_pictures\/05f\/632242853d5aa2ba8e381cd8ee73e05f.jpg?fit=around%7C100%3A100&crop=100%3A100%3B%2A%2C%2A","profile_deeplink":"zomato:\/\/u\/51741229"},"res_id":6504190,"caption":"","timestamp":1544008637,"friendly_time":"6 months ago","width":3024,"height":4032}},{"photo":{"id":"u_2NgNTgwMDI5NjA","url":"https:\/\/b.zmtcdn.com\/data\/reviews_photos\/65c\/892d018be3fdfd8dbe23637da25f465c_1548356270.jpg","thumb_url":"https:\/\/b.zmtcdn.com\/data\/reviews_photos\/65c\/892d018be3fdfd8dbe23637da25f465c_1548356270.jpg?fit=around%7C200%3A200&crop=200%3A200%3B%2A%2C%2A","user":{"name":"Karanpreet Kapoor","foodie_level":"Big Foodie","foodie_level_num":7,"foodie_color":"ffae4f","profile_url":"https:\/\/www.zomato.com\/users\/karanpreet-kapoor-42181163?utm_source=api_basic_user&utm_medium=api&utm_campaign=v2.1","profile_image":"https:\/\/b.zmtcdn.com\/data\/user_profile_pictures\/72b\/0501b779b34155807e2e24ee30d2672b.jpg?fit=around%7C100%3A100&crop=100%3A100%3B%2A%2C%2A","profile_deeplink":"zomato:\/\/u\/42181163"},"res_id":6504190,"caption":"","timestamp":1548356270,"friendly_time":"4 months ago","width":563,"height":1000}},{"photo":{"id":"u_NjgxOTU3MDg5Mj","url":"https:\/\/b.zmtcdn.com\/data\/reviews_photos\/95a\/29c01af38599085100c3f1ac9637195a_1558959342.jpg","thumb_url":"https:\/\/b.zmtcdn.com\/data\/reviews_photos\/95a\/29c01af38599085100c3f1ac9637195a_1558959342.jpg?crop=780%3A780%3B195%2C0&fit=around%7C200%3A200","user":{"name":"Amitkumar More","foodie_level":"Foodie","foodie_level_num":3,"foodie_color":"ffd35d","profile_url":"https:\/\/www.zomato.com\/users\/amitkumar-more-37739092?utm_source=api_basic_user&utm_medium=api&utm_campaign=v2.1","profile_image":"https:\/\/b.zmtcdn.com\/data\/user_profile_pictures\/8ea\/04be5365564b6a0a84c2812bdc4938ea.jpg?fit=around%7C100%3A100&crop=100%3A100%3B%2A%2C%2A","profile_deeplink":"zomato:\/\/u\/37739092"},"res_id":6504190,"caption":"","timestamp":1558959342,"friendly_time":"22 days ago","width":1040,"height":780}},{"photo":{"id":"u_xNzkwNDIzMDU2N","url":"https:\/\/b.zmtcdn.com\/data\/reviews_photos\/358\/4694622c0d59d634ea0c952011cce358_1547322353.jpg","thumb_url":"https:\/\/b.zmtcdn.com\/data\/reviews_photos\/358\/4694622c0d59d634ea0c952011cce358_1547322353.jpg?fit=around%7C200%3A200&crop=200%3A200%3B%2A%2C%2A","user":{"name":"Sonali Jha","zomato_handle":"grabaspoon","foodie_level":"Big Foodie","foodie_level_num":4,"foodie_color":"ffae4f","profile_url":"https:\/\/www.zomato.com\/grabaspoon?utm_source=api_basic_user&utm_medium=api&utm_campaign=v2.1","profile_image":"https:\/\/b.zmtcdn.com\/data\/user_profile_pictures\/8ab\/0d6cdcd3d1112568f7beeac0df0148ab.jpg?fit=around%7C100%3A100&crop=100%3A100%3B%2A%2C%2A","profile_deeplink":"zomato:\/\/u\/39606600"},"res_id":6504190,"caption":"","timestamp":1547322353,"friendly_time":"5 months ago","width":585,"height":1040}},{"photo":{"id":"u_NgMzk4NDk3NjQ4","url":"https:\/\/b.zmtcdn.com\/data\/reviews_photos\/767\/7af677efa283da8a16e3c57afd4c5767_1550653859.jpg","thumb_url":"https:\/\/b.zmtcdn.com\/data\/reviews_photos\/767\/7af677efa283da8a16e3c57afd4c5767_1550653859.jpg?fit=around%7C200%3A200&crop=200%3A200%3B%2A%2C%2A","user":{"name":"Juhi","foodie_level":"Foodie","foodie_level_num":2,"foodie_color":"ffd35d","profile_url":"https:\/\/www.zomato.com\/users\/juhi-34774359?utm_source=api_basic_user&utm_medium=api&utm_campaign=v2.1","profile_image":"https:\/\/b.zmtcdn.com\/images\/user_avatars\/wine_2x.png?fit=around%7C200%3A200&crop=200%3A200%3B%2A%2C%2A","profile_deeplink":"zomato:\/\/u\/34774359"},"res_id":6504190,"caption":"","timestamp":1550653859,"friendly_time":"3 months ago","width":750,"height":1000}},{"photo":{"id":"u_ODg5NDU2OTcxOD","url":"https:\/\/b.zmtcdn.com\/data\/reviews_photos\/df7\/308e23350b58b5519b514f3d8f458df7_1550597152.jpg","thumb_url":"https:\/\/b.zmtcdn.com\/data\/reviews_photos\/df7\/308e23350b58b5519b514f3d8f458df7_1550597152.jpg?fit=around%7C200%3A200&crop=200%3A200%3B%2A%2C%2A","user":{"name":"Sanket Gogulwar","foodie_level":"Super Foodie","foodie_level_num":8,"foodie_color":"f58552","profile_url":"https:\/\/www.zomato.com\/users\/sanket-gogulwar-30495406?utm_source=api_basic_user&utm_medium=api&utm_campaign=v2.1","profile_image":"https:\/\/b.zmtcdn.com\/data\/user_profile_pictures\/313\/2d9ba8e640b068f4919bd16d6a491313.jpg?fit=around%7C100%3A100&crop=100%3A100%3B%2A%2C%2A","profile_deeplink":"zomato:\/\/u\/30495406"},"res_id":6504190,"caption":"","timestamp":1550597152,"friendly_time":"3 months ago","width":864,"height":1152}},{"photo":{"id":"u_TM3NDUyOTY3MjU","url":"https:\/\/b.zmtcdn.com\/data\/reviews_photos\/8c3\/8458df1fbb842228a281082100d5a8c3_1544416614.jpg","thumb_url":"https:\/\/b.zmtcdn.com\/data\/reviews_photos\/8c3\/8458df1fbb842228a281082100d5a8c3_1544416614.jpg?fit=around%7C200%3A200&crop=200%3A200%3B%2A%2C%2A","user":{"name":"Varun Oberoi","foodie_level":"Foodie","foodie_level_num":3,"foodie_color":"ffd35d","profile_url":"https:\/\/www.zomato.com\/users\/varun-oberoi-41258338?utm_source=api_basic_user&utm_medium=api&utm_campaign=v2.1","profile_image":"https:\/\/b.zmtcdn.com\/data\/user_profile_pictures\/550\/a0d22c260b8af9e37c9d4cb74ff3c550.jpg?fit=around%7C100%3A100&crop=100%3A100%3B%2A%2C%2A","profile_deeplink":"zomato:\/\/u\/41258338"},"res_id":6504190,"caption":"","timestamp":1544416614,"friendly_time":"6 months ago","width":2668,"height":2000}},{"photo":{"id":"u_3MDE5MzIwOTAyN","url":"https:\/\/b.zmtcdn.com\/data\/reviews_photos\/199\/37cbd690125af5d6a60b2db681273199_1555231250.jpg","thumb_url":"https:\/\/b.zmtcdn.com\/data\/reviews_photos\/199\/37cbd690125af5d6a60b2db681273199_1555231250.jpg?fit=around%7C200%3A200&crop=200%3A200%3B%2A%2C%2A","user":{"name":"Shrikantlp3393","foodie_level":"Foodie","foodie_level_num":3,"foodie_color":"ffd35d","profile_url":"https:\/\/www.zomato.com\/users\/shrikantlp3393-64661420?utm_source=api_basic_user&utm_medium=api&utm_campaign=v2.1","profile_image":"https:\/\/b.zmtcdn.com\/data\/user_profile_pictures\/3c5\/b90988ff12c79afd38edd1305b7853c5.jpg?fit=around%7C100%3A100&crop=100%3A100%3B%2A%2C%2A","profile_deeplink":"zomato:\/\/u\/64661420"},"res_id":6504190,"caption":"","timestamp":1555231251,"friendly_time":"2 months ago","width":1000,"height":750}}],"menu_url":"https:\/\/www.zomato.com\/pune\/kimchi-kharadi\/menu?utm_source=api_basic_user&utm_medium=api&utm_campaign=v2.1&openSwipeBox=menu&showMinimal=1#tabtop","featured_image":"https:\/\/b.zmtcdn.com\/data\/pictures\/0\/6504190\/6b37aabc93bf5bef37d1e16ef7497306.jpg?output-format=webp","has_online_delivery":1,"is_delivering_now":0,"include_bogo_offers":true,"deeplink":"zomato:\/\/restaurant\/6504190","is_table_reservation_supported":0,"has_table_booking":0,"events_url":"https:\/\/www.zomato.com\/pune\/kimchi-kharadi\/events#tabtop?utm_source=api_basic_user&utm_medium=api&utm_campaign=v2.1","phone_numbers":"+91 8087988988, +91 9763741223","all_reviews":{"reviews":[{"review":{"rating":5,"review_text":"It was an awesome experience with the food and ambience. Worth the money. Good suggestion given by the staff. Only thing the washroom should have been a little more clean.","id":43555113,"rating_color":"305D02","review_time_friendly":"3 days ago","rating_text":"Insane!","timestamp":1560615664,"likes":0,"user":{"name":"Richard Fernandes","foodie_level":"Big Foodie","foodie_level_num":4,"foodie_color":"ffae4f","profile_url":"https:\/\/www.zomato.com\/users\/richard-fernandes-54868298?utm_source=api_basic_user&utm_medium=api&utm_campaign=v2.1","profile_image":"https:\/\/b.zmtcdn.com\/data\/user_profile_pictures\/53f\/affb0939a2a9552bfe400616a5c2053f.jpg?fit=around%7C100%3A100&crop=100%3A100%3B%2A%2C%2A","profile_deeplink":"zomato:\/\/u\/54868298"},"comments_count":0}},{"review":{"rating":5,"review_text":"Very nice place.loved the food ambience is also nice staff is good in terms of describing the dishes overall a good chinese restraint with lots of varities","id":43554134,"rating_color":"305D02","review_time_friendly":"3 days ago","rating_text":"Insane!","timestamp":1560613395,"likes":0,"user":{"name":"Saurabhjha1612","foodie_level":"Foodie","foodie_level_num":2,"foodie_color":"ffd35d","profile_url":"https:\/\/www.zomato.com\/users\/saurabhjha1612-41044274?utm_source=api_basic_user&utm_medium=api&utm_campaign=v2.1","profile_image":"https:\/\/b.zmtcdn.com\/images\/user_avatars\/pizza_2x.png?fit=around%7C200%3A200&crop=200%3A200%3B%2A%2C%2A","profile_deeplink":"zomato:\/\/u\/41044274"},"comments_count":0}},{"review":{"rating":5,"review_text":"We ordered chicken burnt red chilly pepper and pepper garlic noodles.both of them were really good. Would like to visit again. Service is also awesome","id":43494316,"rating_color":"305D02","review_time_friendly":"7 days ago","rating_text":"Insane!","timestamp":1560268232,"likes":0,"user":{"name":"Joojs Kr","foodie_level":"Foodie","foodie_level_num":2,"foodie_color":"ffd35d","profile_url":"https:\/\/www.zomato.com\/users\/joojs-kr-53073799?utm_source=api_basic_user&utm_medium=api&utm_campaign=v2.1","profile_image":"https:\/\/b.zmtcdn.com\/data\/user_profile_pictures\/65b\/c3491da06b5067b0746f23f96479165b.jpg?fit=around%7C100%3A100&crop=100%3A100%3B%2A%2C%2A","profile_deeplink":"zomato:\/\/u\/53073799"},"comments_count":0}},{"review":{"rating":4,"review_text":"The food was excellent and the best part was the service provided by our stewart, Biswajeet. Will be looking forward to come again, and try more dishes","id":43465040,"rating_color":"5BA829","review_time_friendly":"9 days ago","rating_text":"Great!","timestamp":1560094448,"likes":0,"user":{"name":"Nikita Sengupta","foodie_level":"Foodie","foodie_level_num":2,"foodie_color":"ffd35d","profile_url":"https:\/\/www.zomato.com\/users\/nikita-sengupta-41868276?utm_source=api_basic_user&utm_medium=api&utm_campaign=v2.1","profile_image":"https:\/\/b.zmtcdn.com\/data\/user_profile_pictures\/0e4\/77a168da6d95d235cffce4b7d6c370e4.jpg?fit=around%7C100%3A100&crop=100%3A100%3B%2A%2C%2A","profile_deeplink":"zomato:\/\/u\/41868276"},"comments_count":0}},{"review":{"rating":5,"review_text":"We had the spicy tamyam chicken soup, burnt garlic chilli chicken starter and the burnt garlic chkn fried rice and i must say that it didnt fail to leave us impressed. The overall food quality was great as well as the quantity. For the pricing, it seems moderately expensive. The ambience was good if not great i'd say but the staff was really friendly. So yeah...highly recommended!!","id":43457372,"rating_color":"305D02","review_time_friendly":"10 days ago","rating_text":"Insane!","timestamp":1560070085,"likes":0,"user":{"name":"Shubhang Shanbhag","foodie_level":"Foodie","foodie_level_num":3,"foodie_color":"ffd35d","profile_url":"https:\/\/www.zomato.com\/users\/shubhang-shanbhag-3097885?utm_source=api_basic_user&utm_medium=api&utm_campaign=v2.1","profile_image":"https:\/\/b.zmtcdn.com\/data\/user_profile_pictures\/2e2\/f0ba1dd69f79a34b39258a9d576262e2.jpg?fit=around%7C100%3A100&crop=100%3A100%3B%2A%2C%2A","profile_deeplink":"zomato:\/\/u\/3097885"},"comments_count":0}}]},"establishment":["Casual Dining"],"establishment_types":[]}},{"restaurant":{"R":{"res_id":11135},"apikey":"f8e764632db822d8f7cac3254c5f8af3","id":"11135","name":"Uncle's Chinese","url":"https:\/\/www.zomato.com\/pune\/uncles-chinese-koregaon-park?utm_source=api_basic_user&utm_medium=api&utm_campaign=v2.1","location":{"address":"Lane 7, Shop 3 & 5, A\/10, Meera Garden Society, Off North Main Road, Koregaon Park, Pune","locality":"Koregaon Park","city":"Pune","city_id":5,"latitude":"18.5374298855","longitude":"73.9000025019","zipcode":"0","country_id":1,"locality_verbose":"Koregaon Park, Pune"},"switch_to_order_menu":0,"cuisines":"Chinese, Thai, Asian","timings":"11:30 AM to 12 Midnight","average_cost_for_two":1100,"price_range":3,"currency":"Rs.","highlights":["Lunch","Cash","Delivery","Credit Card","No Alcohol Available","Dinner","Takeaway Available","Air Conditioned","Outdoor Seating","Indoor Seating","Table Reservation Not Required","Smoking Area","Sodexo"],"offers":[],"opentable_support":0,"is_zomato_book_res":0,"mezzo_provider":"OTHER","is_book_form_web_view":0,"book_form_web_view_url":"","book_again_url":"","thumb":"https:\/\/b.zmtcdn.com\/data\/pictures\/chains\/5\/11135\/cb87a6e46c38cf1098a71079f774ddb4.jpg?fit=around%7C200%3A200&crop=200%3A200%3B%2A%2C%2A","user_rating":{"aggregate_rating":"4.1","rating_text":"Very Good","rating_color":"5BA829","votes":"2311"},"all_reviews_count":1577,"photos_url":"https:\/\/www.zomato.com\/pune\/uncles-chinese-koregaon-park\/photos?utm_source=api_basic_user&utm_medium=api&utm_campaign=v2.1#tabtop","photo_count":771,"photos":[{"photo":{"id":"u_1ODIOTcxMzYyMz","url":"https:\/\/b.zmtcdn.com\/data\/reviews_photos\/26e\/dbef393b71e237afbc0e6077f479026e_1548785676.jpg","thumb_url":"https:\/\/b.zmtcdn.com\/data\/reviews_photos\/26e\/dbef393b71e237afbc0e6077f479026e_1548785676.jpg?fit=around%7C200%3A200&crop=200%3A200%3B%2A%2C%2A","user":{"name":"Arnab Debnath","foodie_level":"Foodie","foodie_level_num":2,"foodie_color":"ffd35d","profile_url":"https:\/\/www.zomato.com\/users\/arnab-debnath-51997650?utm_source=api_basic_user&utm_medium=api&utm_campaign=v2.1","profile_image":"https:\/\/b.zmtcdn.com\/data\/user_profile_pictures\/a89\/a0d749aaeff23e1f8b943b89c091da89.jpg?fit=around%7C100%3A100&crop=100%3A100%3B%2A%2C%2A","profile_deeplink":"zomato:\/\/u\/51997650"},"res_id":11135,"caption":"","timestamp":1548785677,"friendly_time":"4 months ago","width":540,"height":1131}},{"photo":{"id":"u_IwNjUwODM4Mzc3","url":"https:\/\/b.zmtcdn.com\/data\/reviews_photos\/419\/9018588a6b473caa1afbe50680880419_1560872776.jpg","thumb_url":"https:\/\/b.zmtcdn.com\/data\/reviews_photos\/419\/9018588a6b473caa1afbe50680880419_1560872776.jpg?fit=around%7C200%3A200&crop=200%3A200%3B%2A%2C%2A","user":{"name":"Shete.sandesh","foodie_level":"Foodie","foodie_level_num":3,"foodie_color":"ffd35d","profile_url":"https:\/\/www.zomato.com\/users\/shetesandesh-1209208?utm_source=api_basic_user&utm_medium=api&utm_campaign=v2.1","profile_image":"https:\/\/b.zmtcdn.com\/data\/user_profile_pictures\/ce5\/d1ce19609dbbbea14d2f9bf7b0e7cce5.jpg?fit=around%7C100%3A100&crop=100%3A100%3B%2A%2C%2A","profile_deeplink":"zomato:\/\/u\/1209208"},"res_id":11135,"caption":"","timestamp":1560872776,"friendly_time":"8 hours ago","width":1000,"height":750}},{"photo":{"id":"u_NTkwNTMzNDg3OD","url":"https:\/\/b.zmtcdn.com\/data\/reviews_photos\/309\/7edcdd498ef4b8243595f3d7b5a9e309_1556625805.jpg","thumb_url":"https:\/\/b.zmtcdn.com\/data\/reviews_photos\/309\/7edcdd498ef4b8243595f3d7b5a9e309_1556625805.jpg?fit=around%7C200%3A200&crop=200%3A200%3B%2A%2C%2A","user":{"name":"Mady","zomato_handle":"reiselogger","foodie_level":"Super Foodie","foodie_level_num":8,"foodie_color":"f58552","profile_url":"https:\/\/www.zomato.com\/reiselogger?utm_source=api_basic_user&utm_medium=api&utm_campaign=v2.1","profile_image":"https:\/\/b.zmtcdn.com\/data\/user_profile_pictures\/8c3\/066758caedc23e6e484a2b86a13058c3.jpg?fit=around%7C100%3A100&crop=100%3A100%3B%2A%2C%2A","profile_deeplink":"zomato:\/\/u\/580602"},"res_id":11135,"caption":"","timestamp":1556625806,"friendly_time":"one month ago","width":1228,"height":1109}},{"photo":{"id":"u_MzQzODY2MTUyNT","url":"https:\/\/b.zmtcdn.com\/data\/reviews_photos\/c60\/9add3253c7d2ddcc8871d8569508dc60_1559622410.jpg","thumb_url":"https:\/\/b.zmtcdn.com\/data\/reviews_photos\/c60\/9add3253c7d2ddcc8871d8569508dc60_1559622410.jpg?crop=480%3A480%3B185%2C0&fit=around%7C200%3A200","user":{"name":"Mady","zomato_handle":"reiselogger","foodie_level":"Super Foodie","foodie_level_num":8,"foodie_color":"f58552","profile_url":"https:\/\/www.zomato.com\/reiselogger?utm_source=api_basic_user&utm_medium=api&utm_campaign=v2.1","profile_image":"https:\/\/b.zmtcdn.com\/data\/user_profile_pictures\/8c3\/066758caedc23e6e484a2b86a13058c3.jpg?fit=around%7C100%3A100&crop=100%3A100%3B%2A%2C%2A","profile_deeplink":"zomato:\/\/u\/580602"},"res_id":11135,"caption":"Fish in banana leaf","timestamp":1559622410,"friendly_time":"15 days ago","width":1006,"height":480}},{"photo":{"id":"u_1NDg4MTMzOTI1M","url":"https:\/\/b.zmtcdn.com\/data\/reviews_photos\/5ea\/c7aa379799477846f0d234120bf305ea_1556260063.jpg","thumb_url":"https:\/\/b.zmtcdn.com\/data\/reviews_photos\/5ea\/c7aa379799477846f0d234120bf305ea_1556260063.jpg?fit=around%7C200%3A200&crop=200%3A200%3B%2A%2C%2A","user":{"name":"Vidisha & Sanket","zomato_handle":"eat_travel_eat_repeat","foodie_level":"Big Foodie","foodie_level_num":4,"foodie_color":"ffae4f","profile_url":"https:\/\/www.zomato.com\/eat_travel_eat_repeat?utm_source=api_basic_user&utm_medium=api&utm_campaign=v2.1","profile_image":"https:\/\/b.zmtcdn.com\/data\/user_profile_pictures\/a15\/70462a67306bb2631fe640aef0cc8a15.jpg?fit=around%7C100%3A100&crop=100%3A100%3B%2A%2C%2A","profile_deeplink":"zomato:\/\/u\/52892839"},"res_id":11135,"caption":"","timestamp":1556260063,"friendly_time":"one month ago","width":1008,"height":756}},{"photo":{"id":"u_1OTczNzc1MjQ1N","url":"https:\/\/b.zmtcdn.com\/data\/reviews_photos\/fda\/b22eb529f613a30a452f299a73774fda_1548173084.jpg","thumb_url":"https:\/\/b.zmtcdn.com\/data\/reviews_photos\/fda\/b22eb529f613a30a452f299a73774fda_1548173084.jpg?fit=around%7C200%3A200&crop=200%3A200%3B%2A%2C%2A","user":{"name":"Ritu Gagwani","zomato_handle":"Hangoveronfood","foodie_level":"Connoisseur","foodie_level_num":12,"foodie_color":"e95151","profile_url":"https:\/\/www.zomato.com\/Hangoveronfood?utm_source=api_basic_user&utm_medium=api&utm_campaign=v2.1","profile_image":"https:\/\/b.zmtcdn.com\/data\/user_profile_pictures\/0d9\/16c10bcde853d20c5fcebb0c4965b0d9.jpg?fit=around%7C100%3A100&crop=100%3A100%3B%2A%2C%2A","profile_deeplink":"zomato:\/\/u\/42280"},"res_id":11135,"caption":"Chicken hot and garlic: Absolutely tasty but i felt the chicken pieces were less ","timestamp":1548173084,"friendly_time":"4 months ago","width":1418,"height":980}},{"photo":{"id":"u_MTUzNTIxNDY0Mj","url":"https:\/\/b.zmtcdn.com\/data\/reviews_photos\/ea5\/07a5fa07ef58532477917ba2407f8ea5_1548173079.jpg","thumb_url":"https:\/\/b.zmtcdn.com\/data\/reviews_photos\/ea5\/07a5fa07ef58532477917ba2407f8ea5_1548173079.jpg?fit=around%7C200%3A200&crop=200%3A200%3B%2A%2C%2A","user":{"name":"Ritu Gagwani","zomato_handle":"Hangoveronfood","foodie_level":"Connoisseur","foodie_level_num":12,"foodie_color":"e95151","profile_url":"https:\/\/www.zomato.com\/Hangoveronfood?utm_source=api_basic_user&utm_medium=api&utm_campaign=v2.1","profile_image":"https:\/\/b.zmtcdn.com\/data\/user_profile_pictures\/0d9\/16c10bcde853d20c5fcebb0c4965b0d9.jpg?fit=around%7C100%3A100&crop=100%3A100%3B%2A%2C%2A","profile_deeplink":"zomato:\/\/u\/42280"},"res_id":11135,"caption":"Kimchi Salad : not that great . Dint enjoy at all ","timestamp":1548173079,"friendly_time":"4 months ago","width":930,"height":490}},{"photo":{"id":"u_Nzc1NjExMjIyMg","url":"https:\/\/b.zmtcdn.com\/data\/reviews_photos\/5e8\/bd0288b27a5444d241c91d8b65f605e8_1548173086.jpg","thumb_url":"https:\/\/b.zmtcdn.com\/data\/reviews_photos\/5e8\/bd0288b27a5444d241c91d8b65f605e8_1548173086.jpg?fit=around%7C200%3A200&crop=200%3A200%3B%2A%2C%2A","user":{"name":"Ritu Gagwani","zomato_handle":"Hangoveronfood","foodie_level":"Connoisseur","foodie_level_num":12,"foodie_color":"e95151","profile_url":"https:\/\/www.zomato.com\/Hangoveronfood?utm_source=api_basic_user&utm_medium=api&utm_campaign=v2.1","profile_image":"https:\/\/b.zmtcdn.com\/data\/user_profile_pictures\/0d9\/16c10bcde853d20c5fcebb0c4965b0d9.jpg?fit=around%7C100%3A100&crop=100%3A100%3B%2A%2C%2A","profile_deeplink":"zomato:\/\/u\/42280"},"res_id":11135,"caption":"Chicken combination rice : loved it and my all time favourite .","timestamp":1548173087,"friendly_time":"4 months ago","width":980,"height":490}},{"photo":{"id":"u_2MzY4NzIxODI3M","url":"https:\/\/b.zmtcdn.com\/data\/reviews_photos\/63b\/18e408a9ede962d5649ed0ac9ebff63b_1556260064.jpg","thumb_url":"https:\/\/b.zmtcdn.com\/data\/reviews_photos\/63b\/18e408a9ede962d5649ed0ac9ebff63b_1556260064.jpg?fit=around%7C200%3A200&crop=200%3A200%3B%2A%2C%2A","user":{"name":"Vidisha & Sanket","zomato_handle":"eat_travel_eat_repeat","foodie_level":"Big Foodie","foodie_level_num":4,"foodie_color":"ffae4f","profile_url":"https:\/\/www.zomato.com\/eat_travel_eat_repeat?utm_source=api_basic_user&utm_medium=api&utm_campaign=v2.1","profile_image":"https:\/\/b.zmtcdn.com\/data\/user_profile_pictures\/a15\/70462a67306bb2631fe640aef0cc8a15.jpg?fit=around%7C100%3A100&crop=100%3A100%3B%2A%2C%2A","profile_deeplink":"zomato:\/\/u\/52892839"},"res_id":11135,"caption":"","timestamp":1556260065,"friendly_time":"one month ago","width":1008,"height":756}},{"photo":{"id":"u_MDAOTM3MzUwODg","url":"https:\/\/b.zmtcdn.com\/data\/reviews_photos\/a31\/6dfc7948803976f655716f49b5740a31_1559935823.jpg","thumb_url":"https:\/\/b.zmtcdn.com\/data\/reviews_photos\/a31\/6dfc7948803976f655716f49b5740a31_1559935823.jpg?crop=1078%3A1078%3B0%2C0&fit=around%7C200%3A200","user":{"name":"Sakshi Yadav","zomato_handle":"sakshii_y","foodie_level":"Super Foodie","foodie_level_num":8,"foodie_color":"f58552","profile_url":"https:\/\/www.zomato.com\/sakshii_y?utm_source=api_basic_user&utm_medium=api&utm_campaign=v2.1","profile_image":"https:\/\/b.zmtcdn.com\/data\/user_profile_pictures\/947\/af8a90d14fde6ee34b246d2f77a11947.jpg?fit=around%7C100%3A100&crop=100%3A100%3B%2A%2C%2A","profile_deeplink":"zomato:\/\/u\/38143561"},"res_id":11135,"caption":"","timestamp":1559935824,"friendly_time":"11 days ago","width":1078,"height":1080}}],"menu_url":"https:\/\/www.zomato.com\/pune\/uncles-chinese-koregaon-park\/menu?utm_source=api_basic_user&utm_medium=api&utm_campaign=v2.1&openSwipeBox=menu&showMinimal=1#tabtop","featured_image":"https:\/\/b.zmtcdn.com\/data\/pictures\/chains\/5\/11135\/cb87a6e46c38cf1098a71079f774ddb4.jpg?output-format=webp","has_online_delivery":1,"is_delivering_now":0,"include_bogo_offers":true,"deeplink":"zomato:\/\/restaurant\/11135","is_table_reservation_supported":0,"has_table_booking":0,"events_url":"https:\/\/www.zomato.com\/pune\/uncles-chinese-koregaon-park\/events#tabtop?utm_source=api_basic_user&utm_medium=api&utm_campaign=v2.1","phone_numbers":"020 71967120","all_reviews":{"reviews":[{"review":{"rating":4,"review_text":"Amazing place to enjoy chinese. Its small place located at koregoan park. Food is amazing we ordered veg momo soup which was very delicious just perfect. Their Manchurian is upto mark. Service is also very quick and very polite staff. Price is reasonable. Must try plce.","id":43601021,"rating_color":"5BA829","review_time_friendly":"8 hours ago","rating_text":"Great!","timestamp":1560872775,"likes":0,"user":{"name":"Shete.sandesh","foodie_level":"Foodie","foodie_level_num":3,"foodie_color":"ffd35d","profile_url":"https:\/\/www.zomato.com\/users\/shetesandesh-1209208?utm_source=api_basic_user&utm_medium=api&utm_campaign=v2.1","profile_image":"https:\/\/b.zmtcdn.com\/data\/user_profile_pictures\/ce5\/d1ce19609dbbbea14d2f9bf7b0e7cce5.jpg?fit=around%7C100%3A100&crop=100%3A100%3B%2A%2C%2A","profile_deeplink":"zomato:\/\/u\/1209208"},"comments_count":0}},{"review":{"rating":5,"review_text":"The food was great. We ordered burnt garlic noodles , fried rice and paneer gravy. Very Polite staff. The dessert was value for money. Had a great time at this place.","id":43588399,"rating_color":"305D02","review_time_friendly":"yesterday","rating_text":"Insane!","timestamp":1560790392,"likes":1,"user":{"name":"Vinshi Vanvat","foodie_level":"Foodie","foodie_level_num":2,"foodie_color":"ffd35d","profile_url":"https:\/\/www.zomato.com\/users\/vinshi-vanvat-44378658?utm_source=api_basic_user&utm_medium=api&utm_campaign=v2.1","profile_image":"https:\/\/b.zmtcdn.com\/data\/user_profile_pictures\/457\/ba09fa408f1a738a871bace359140457.jpg?fit=around%7C100%3A100&crop=100%3A100%3B%2A%2C%2A","profile_deeplink":"zomato:\/\/u\/44378658"},"comments_count":0}},{"review":{"rating":4,"review_text":"Good place to have chinese in KP, a pocket friendly restaurant. And you'll be blessed if you have Manish to serve you. The roasted chilli chicken was on point and the rice has ample amount of chicken. All in all a good package without being heavy on your pockets.","id":43580914,"rating_color":"5BA829","review_time_friendly":"yesterday","rating_text":"Great!","timestamp":1560759511,"likes":1,"user":{"name":"Mayank Tiwari","foodie_level":"Foodie","foodie_level_num":2,"foodie_color":"ffd35d","profile_url":"https:\/\/www.zomato.com\/users\/mayank-tiwari-39758509?utm_source=api_basic_user&utm_medium=api&utm_campaign=v2.1","profile_image":"https:\/\/b.zmtcdn.com\/data\/user_profile_pictures\/e7e\/42e4372c85c9591f366d291a6686fe7e.jpg?fit=around%7C100%3A100&crop=100%3A100%3B%2A%2C%2A","profile_deeplink":"zomato:\/\/u\/39758509"},"comments_count":0}},{"review":{"rating":5,"review_text":"Good chinesse food...the service was prompt and food quality was great. They also reconmended us to try out their speaciality items which were great as well.","id":43416079,"rating_color":"305D02","review_time_friendly":"12 days ago","rating_text":"Insane!","timestamp":1559839446,"likes":2,"user":{"name":"Abhishek Agarwal","foodie_level":"Foodie","foodie_level_num":3,"foodie_color":"ffd35d","profile_url":"https:\/\/www.zomato.com\/users\/abhishek-agarwal-46096875?utm_source=api_basic_user&utm_medium=api&utm_campaign=v2.1","profile_image":"https:\/\/b.zmtcdn.com\/data\/user_profile_pictures\/52e\/d8feec978273078aecab89de1e82052e.jpg?fit=around%7C100%3A100&crop=100%3A100%3B%2A%2C%2A","profile_deeplink":"zomato:\/\/u\/46096875"},"comments_count":0}},{"review":{"rating":5,"review_text":"This place in Koregaon park has amazing food. A must go to chinese place. The noodles are amazing. The staff is really courteous and the has a great variety of food.","id":43416053,"rating_color":"305D02","review_time_friendly":"12 days ago","rating_text":"Insane!","timestamp":1559839389,"likes":2,"user":{"name":"Meenal Narang","foodie_level":"Foodie","foodie_level_num":3,"foodie_color":"ffd35d","profile_url":"https:\/\/www.zomato.com\/users\/meenal-narang-56312040?utm_source=api_basic_user&utm_medium=api&utm_campaign=v2.1","profile_image":"https:\/\/b.zmtcdn.com\/data\/user_profile_pictures\/41c\/bd5f05725c6cca1eda6f72bb99df441c.jpg?fit=around%7C100%3A100&crop=100%3A100%3B%2A%2C%2A","profile_deeplink":"zomato:\/\/u\/56312040"},"comments_count":0}}]},"establishment":["Casual Dining"],"establishment_types":[]}}]}