{
  "chinese": "chinese",
  "chines": "chinese",
  "chenes": "chinese",
  "chinis": "chinese",
  "chinise": "chinese",
  "chenese": "chinese",
  "italian": "italian",
  "italiano": "italian",
  "italien": "italian",
  "italion": "italian",
  "pizzeria": "italian",
  "pasta": "italian",
  "mexican": "Mexican",
  "mexecan": "Mexican",
  "maxicen": "Mexican",
  "american": "American",
  "americhan": "American",
  "amherican": "American",
  "restaurant": "restaurants",
  "hotel": "restaurants",
  "place": "restaurants",
  "eatery": "restaurants",
  "dhaba": "restaurants",
  "dhabba": "restaurants",
  "joint": "restaurants",
  "cafeteria": "restaurants",
  "serve": "restaurants",
  "bengaluru": "Bangalore",
  "bangalore": "Bangalore",
  "delhi": "Delhi",
  "dilli": "Delhi",
  "bombay": "Mumbai",
  "bumbai": "Mumbai",
  "mumbai": "Mumbai",
  "mambai": "Mumbai",
  "culcutta": "Kolkata",
  "calcatta": "Kolkata",
  "kolkata": "Kolkata",
  "kalkatta": "Kolkata",
  "kolkatta": "Kolkata",
  "madras": "Chennai",
  "chennai": "Chennai",
  "hydrabad": "Hyderabad",
  "hyderabad": "Hyderabad",
  "hedrabad": "Hyderabad",
  "less than 300": "<300",
  "lesser than 300": "<300",
  "less than 300rs": "<300",
  "less than 300 rs": "<300",
  "below 300": "<300",
  "below rs300": "<300",
  "below rs 300": "<300",
  "lesser than rs300": "<300",
  "lesser than rs 300": "<300",
  "300 - 700": "300-700",
  "300- 700": "300-700",
  "300 -700": "300-700",
  "300 and 700": "300-700",
  "300 to 700": "300-700",
  "300rs - 700rs": "300-700",
  "300 rs - 700 rs": "300-700",
  "rs300-rs700": "300-700",
  "rs 300 - rs 700": "300-700",
  "rs300 to rs700": "300-700",
  "rs 300 to rs 700": "300-700",
  "more than 700": ">700",
  "greater than 700": ">700",
  "greater than rs700": ">700",
  "greater than rs 700": ">700",
  "more than 700rs": "more than 700 Rs",
  "more than 700 rs": ">700",
  "more than rs700": ">700",
  "above 700": ">700",
  "above rs 700": ">700",
  "above rs700": "above Rs 700",
  "veggie": "vegetarian",
  "vegg": "vegetarian",
  "veg": "vegetarian",
  "around 150": "low",
  "around 300": "low",
  "greater tha": "greater than 700",
  " 700": "above Rs700"
}