{"py/object": "rasa_core.featurizers.MaxHistoryTrackerFeaturizer", "max_history": 5, "remove_duplicates": true, "state_featurizer": {"py/object": "rasa_core.featurizers.BinarySingleStateFeaturizer", "input_state_map": {"entity_budget": 9, "entity_cuisine": 8, "entity_email": 10, "entity_location": 7, "intent_affirm": 1, "intent_deny": 2, "intent_goodbye": 3, "intent_greet": 0, "intent_info_in_email": 6, "intent_restaurant_search": 5, "intent_thankyou": 4, "prev_action_default_fallback": 18, "prev_action_listen": 16, "prev_action_restart": 17, "prev_action_restaurant": 28, "prev_city_check": 24, "prev_email_check": 31, "prev_send_email": 32, "prev_utter_ask_budget": 26, "prev_utter_ask_cuisine": 25, "prev_utter_ask_email_id": 30, "prev_utter_ask_howcanhelp": 22, "prev_utter_ask_location": 23, "prev_utter_ask_number_of_people": 27, "prev_utter_default": 21, "prev_utter_goodbye": 20, "prev_utter_greet": 19, "prev_utter_if_details_required_in_email": 29, "slot_budget_0": 11, "slot_cuisine_0": 12, "slot_email_0": 13, "slot_email_response_0": 14, "slot_location_0": 15}, "num_features": 33, "slot_feature_len": 5, "user_feature_len": 11}, "use_intent_probabilities": false}